Date, Close
10/08/24,5751.13
10/07/24,5695.94
10/04/24,5751.07
10/03/24,5699.94
10/02/24,5709.54
10/01/24,5708.75
09/30/24,5762.48
09/27/24,5738.17
09/26/24,5745.37
09/25/24,5722.26
09/24/24,5732.93
09/23/24,5718.57
09/20/24,5702.55
09/19/24,5713.64
09/18/24,5618.26
09/17/24,5634.58
09/16/24,5633.09
09/13/24,5626.02
09/12/24,5595.76
09/11/24,5554.13
09/10/24,5495.52
09/09/24,5471.05
09/06/24,5408.42
09/05/24,5503.41
09/04/24,5520.07
09/03/24,5528.93
08/30/24,5648.4
08/29/24,5591.96
08/28/24,5592.18
08/27/24,5625.8
08/26/24,5616.84
08/23/24,5634.61
08/22/24,5570.64
08/21/24,5620.85
08/20/24,5597.12
08/19/24,5608.25
08/16/24,5554.25
08/15/24,5543.22
08/14/24,5455.21
08/13/24,5434.43
08/12/24,5344.39
08/09/24,5344.16
08/08/24,5319.31
08/07/24,5199.5
08/06/24,5240.03
08/05/24,5186.33
08/02/24,5346.56
08/01/24,5446.68
07/31/24,5522.3
07/30/24,5436.44
07/29/24,5463.54
07/26/24,5459.1
07/25/24,5399.22
07/24/24,5427.13
07/23/24,5555.74
07/22/24,5564.41
07/19/24,5505
07/18/24,5544.59
07/17/24,5588.27
07/16/24,5667.2
07/15/24,5631.22
07/12/24,5615.35
07/11/24,5584.54
07/10/24,5633.91
07/09/24,5576.98
07/08/24,5572.85
07/05/24,5567.19
07/03/24,5537.02
07/02/24,5509.01
07/01/24,5475.09
06/28/24,5460.48
06/27/24,5482.87
06/26/24,5477.9
06/25/24,5469.3
06/24/24,5447.87
06/21/24,5464.62
06/20/24,5473.17
06/18/24,5487.03
06/17/24,5473.23
06/14/24,5431.6
06/13/24,5433.74
06/12/24,5421.03
06/11/24,5375.32
06/10/24,5360.79
06/07/24,5346.99
06/06/24,5352.96
06/05/24,5354.03
06/04/24,5291.34
06/03/24,5283.4
05/31/24,5277.51
05/30/24,5235.48
05/29/24,5266.95
05/28/24,5306.04
05/24/24,5304.72
05/23/24,5267.84
05/22/24,5307.01
05/21/24,5321.41
05/20/24,5308.13
05/17/24,5303.27
05/16/24,5297.1
05/15/24,5308.15
05/14/24,5246.68
05/13/24,5221.42
05/10/24,5222.68
05/09/24,5214.08
05/08/24,5187.67
05/07/24,5187.7
05/06/24,5180.74
05/03/24,5127.79
05/02/24,5064.2
05/01/24,5018.39
04/30/24,5035.69
04/29/24,5116.17
04/26/24,5099.96
04/25/24,5048.42
04/24/24,5071.63
04/23/24,5070.55
04/22/24,5010.6
04/19/24,4967.23
04/18/24,5011.12
04/17/24,5022.21
04/16/24,5051.41
04/15/24,5061.82
04/12/24,5123.41
04/11/24,5199.06
04/10/24,5160.64
04/09/24,5209.91
04/08/24,5202.39
04/05/24,5204.34
04/04/24,5147.21
04/03/24,5211.49
04/02/24,5205.81
04/01/24,5243.77
03/28/24,5254.35
03/27/24,5248.49
03/26/24,5203.58
03/25/24,5218.19
03/22/24,5234.18
03/21/24,5241.53
03/20/24,5224.62
03/19/24,5178.51
03/18/24,5149.42
03/15/24,5117.09
03/14/24,5150.48
03/13/24,5165.31
03/12/24,5175.27
03/11/24,5117.94
03/08/24,5123.69
03/07/24,5157.36
03/06/24,5104.76
03/05/24,5078.65
03/04/24,5130.95
03/01/24,5137.08
02/29/24,5096.27
02/28/24,5069.76
02/27/24,5078.18
02/26/24,5069.53
02/23/24,5088.8
02/22/24,5087.03
02/21/24,4981.8
02/20/24,4975.51
02/16/24,5005.57
02/15/24,5029.73
02/14/24,5000.62
02/13/24,4953.17
02/12/24,5021.84
02/09/24,5026.61
02/08/24,4997.91
02/07/24,4995.06
02/06/24,4954.23
02/05/24,4942.81
02/02/24,4958.61
02/01/24,4906.19
01/31/24,4845.65
01/30/24,4924.97
01/29/24,4927.93
01/26/24,4890.97
01/25/24,4894.16
01/24/24,4868.55
01/23/24,4864.6
01/22/24,4850.43
01/19/24,4839.81
01/18/24,4780.94
01/17/24,4739.21
01/16/24,4765.98
01/12/24,4783.83
01/11/24,4780.24
01/10/24,4783.45
01/09/24,4756.5
01/08/24,4763.54
01/05/24,4697.24
01/04/24,4688.68
01/03/24,4704.81
01/02/24,4742.83
12/29/23,4769.83
12/28/23,4783.35
12/27/23,4781.58
12/26/23,4774.75
12/22/23,4754.63
12/21/23,4746.75
12/20/23,4698.35
12/19/23,4768.37
12/18/23,4740.56
12/15/23,4719.19
12/14/23,4719.55
12/13/23,4707.09
12/12/23,4643.7
12/11/23,4622.44
12/08/23,4604.37
12/07/23,4585.59
12/06/23,4549.34
12/05/23,4567.18
12/04/23,4569.78
12/01/23,4594.63
11/30/23,4567.8
11/29/23,4550.58
11/28/23,4554.89
11/27/23,4550.43
11/24/23,4559.34
11/22/23,4556.62
11/21/23,4538.19
11/20/23,4547.38
11/17/23,4514.02
11/16/23,4508.24
11/15/23,4502.88
11/14/23,4495.7
11/13/23,4411.55
11/10/23,4415.24
11/09/23,4347.35
11/08/23,4382.78
11/07/23,4378.38
11/06/23,4365.98
11/03/23,4358.34
11/02/23,4317.78
11/01/23,4237.86
10/31/23,4193.8
10/30/23,4166.82
10/27/23,4117.37
10/26/23,4137.23
10/25/23,4186.77
10/24/23,4247.68
10/23/23,4217.04
10/20/23,4224.16
10/19/23,4278
10/18/23,4314.6
10/17/23,4373.2
10/16/23,4373.63
10/13/23,4327.78
10/12/23,4349.61
10/11/23,4376.95
10/10/23,4358.24
10/09/23,4335.66
10/06/23,4308.5
10/05/23,4258.19
10/04/23,4263.75
10/03/23,4229.45
10/02/23,4288.39
09/29/23,4288.05
09/28/23,4299.7
09/27/23,4274.51
09/26/23,4273.53
09/25/23,4337.44
09/22/23,4320.06
09/21/23,4330
09/20/23,4402.2
09/19/23,4443.95
09/18/23,4453.53
09/15/23,4450.32
09/14/23,4505.1
09/13/23,4467.44
09/12/23,4461.9
09/11/23,4487.46
09/08/23,4457.49
09/07/23,4451.14
09/06/23,4465.48
09/05/23,4496.83
09/01/23,4515.77
08/31/23,4507.66
08/30/23,4514.87
08/29/23,4497.63
08/28/23,4433.31
08/25/23,4405.71
08/24/23,4376.31
08/23/23,4436.01
08/22/23,4387.55
08/21/23,4399.77
08/18/23,4369.71
08/17/23,4370.36
08/16/23,4404.33
08/15/23,4437.86
08/14/23,4489.72
08/11/23,4464.05
08/10/23,4468.83
08/09/23,4467.71
08/08/23,4499.38
08/07/23,4518.44
08/04/23,4478.03
08/03/23,4501.89
08/02/23,4513.39
08/01/23,4576.73
07/31/23,4588.96
07/28/23,4582.23
07/27/23,4537.41
07/26/23,4566.75
07/25/23,4567.46
07/24/23,4554.64
07/21/23,4536.34
07/20/23,4534.87
07/19/23,4565.72
07/18/23,4554.98
07/17/23,4522.79
07/14/23,4505.42
07/13/23,4510.04
07/12/23,4472.16
07/11/23,4439.26
07/10/23,4409.53
07/07/23,4398.95
07/06/23,4411.59
07/05/23,4446.82
07/03/23,4455.59
06/30/23,4450.38
06/29/23,4396.44
06/28/23,4376.86
06/27/23,4378.41
06/26/23,4328.82
06/23/23,4348.33
06/22/23,4381.89
06/21/23,4365.69
06/20/23,4388.71
06/16/23,4409.59
06/15/23,4425.84
06/14/23,4372.59
06/13/23,4369.01
06/12/23,4338.93
06/09/23,4298.86
06/08/23,4293.93
06/07/23,4267.52
06/06/23,4283.85
06/05/23,4273.79
06/02/23,4282.37
06/01/23,4221.02
05/31/23,4179.83
05/30/23,4205.52
05/26/23,4205.45
05/25/23,4151.28
05/24/23,4115.24
05/23/23,4145.58
05/22/23,4192.63
05/19/23,4191.98
05/18/23,4198.05
05/17/23,4158.77
05/16/23,4109.9
05/15/23,4136.28
05/12/23,4124.08
05/11/23,4130.62
05/10/23,4137.64
05/09/23,4119.17
05/08/23,4138.12
05/05/23,4136.25
05/04/23,4061.22
05/03/23,4090.75
05/02/23,4119.58
05/01/23,4167.87
04/28/23,4169.48
04/27/23,4135.35
04/26/23,4055.99
04/25/23,4071.63
04/24/23,4137.04
04/21/23,4133.52
04/20/23,4129.79
04/19/23,4154.52
04/18/23,4154.87
04/17/23,4151.32
04/14/23,4137.64
04/13/23,4146.22
04/12/23,4091.95
04/11/23,4108.94
04/10/23,4109.11
04/06/23,4105.02
04/05/23,4090.38
04/04/23,4100.6
04/03/23,4124.51
03/31/23,4109.31
03/30/23,4050.83
03/29/23,4027.81
03/28/23,3971.27
03/27/23,3977.53
03/24/23,3970.99
03/23/23,3948.72
03/22/23,3936.97
03/21/23,4002.87
03/20/23,3951.57
03/17/23,3916.64
03/16/23,3960.28
03/15/23,3891.93
03/14/23,3919.29
03/13/23,3855.76
03/10/23,3861.59
03/09/23,3918.32
03/08/23,3992.01
03/07/23,3986.37
03/06/23,4048.42
03/03/23,4045.64
03/02/23,3981.35
03/01/23,3951.39
02/28/23,3970.15
02/27/23,3982.24
02/24/23,3970.04
02/23/23,4012.32
02/22/23,3991.05
02/21/23,3997.34
02/17/23,4079.09
02/16/23,4090.41
02/15/23,4147.6
02/14/23,4136.13
02/13/23,4137.29
02/10/23,4090.46
02/09/23,4081.5
02/08/23,4117.86
02/07/23,4164
02/06/23,4111.08
02/03/23,4136.48
02/02/23,4179.76
02/01/23,4119.21
01/31/23,4076.6
01/30/23,4017.77
01/27/23,4070.56
01/26/23,4060.43
01/25/23,4016.22
01/24/23,4016.95
01/23/23,4019.81
01/20/23,3972.61
01/19/23,3898.85
01/18/23,3928.86
01/17/23,3990.97
01/13/23,3999.09
01/12/23,3983.17
01/11/23,3969.61
01/10/23,3919.25
01/09/23,3892.09
01/06/23,3895.08
01/05/23,3808.1
01/04/23,3852.97
01/03/23,3824.14
12/30/22,3839.5
12/29/22,3849.28
12/28/22,3783.22
12/27/22,3829.25
12/23/22,3844.82
12/22/22,3822.39
12/21/22,3878.44
12/20/22,3821.62
12/19/22,3817.66
12/16/22,3852.36
12/15/22,3895.75
12/14/22,3995.32
12/13/22,4019.65
12/12/22,3990.56
12/09/22,3934.38
12/08/22,3963.51
12/07/22,3933.92
12/06/22,3941.26
12/05/22,3998.84
12/02/22,4071.7
12/01/22,4076.57
11/30/22,4080.11
11/29/22,3957.63
11/28/22,3963.94
11/25/22,4026.12
11/23/22,4027.26
11/22/22,4003.58
11/21/22,3949.94
11/18/22,3965.34
11/17/22,3946.56
11/16/22,3958.79
11/15/22,3991.73
11/14/22,3957.25
11/11/22,3992.93
11/10/22,3956.37
11/09/22,3748.57
11/08/22,3828.11
11/07/22,3806.8
11/04/22,3770.55
11/03/22,3719.89
11/02/22,3759.69
11/01/22,3856.1
10/31/22,3871.98
10/28/22,3901.06
10/27/22,3807.3
10/26/22,3830.6
10/25/22,3859.11
10/24/22,3797.34
10/21/22,3752.75
10/20/22,3665.78
10/19/22,3695.16
10/18/22,3719.98
10/17/22,3677.95
10/14/22,3583.07
10/13/22,3669.91
10/12/22,3577.03
10/11/22,3588.84
10/10/22,3612.39
10/07/22,3639.66
10/06/22,3744.52
10/05/22,3783.28
10/04/22,3790.93
10/03/22,3678.43
09/30/22,3585.62
09/29/22,3640.47
09/28/22,3719.04
09/27/22,3647.29
09/26/22,3655.04
09/23/22,3693.23
09/22/22,3757.99
09/21/22,3789.93
09/20/22,3855.93
09/19/22,3899.89
09/16/22,3873.33
09/15/22,3901.35
09/14/22,3946.01
09/13/22,3932.69
09/12/22,4110.41
09/09/22,4067.36
09/08/22,4006.18
09/07/22,3979.87
09/06/22,3908.19
09/02/22,3924.26
09/01/22,3966.85
08/31/22,3955
08/30/22,3986.16
08/29/22,4030.61
08/26/22,4057.66
08/25/22,4199.12
08/24/22,4140.77
08/23/22,4128.73
08/22/22,4137.99
08/19/22,4228.48
08/18/22,4283.74
08/17/22,4274.04
08/16/22,4305.2
08/15/22,4297.14
08/12/22,4280.15
08/11/22,4207.27
08/10/22,4210.24
08/09/22,4122.47
08/08/22,4140.06
08/05/22,4145.19
08/04/22,4151.94
08/03/22,4155.17
08/02/22,4091.19
08/01/22,4118.63
07/29/22,4130.29
07/28/22,4072.43
07/27/22,4023.61
07/26/22,3921.05
07/25/22,3966.84
07/22/22,3961.63
07/21/22,3998.95
07/20/22,3959.9
07/19/22,3936.69
07/18/22,3830.85
07/15/22,3863.16
07/14/22,3790.38
07/13/22,3801.78
07/12/22,3818.8
07/11/22,3854.43
07/08/22,3899.38
07/07/22,3902.62
07/06/22,3845.08
07/05/22,3831.39
07/01/22,3825.33
06/30/22,3785.38
06/29/22,3818.83
06/28/22,3821.55
06/27/22,3900.11
06/24/22,3911.74
06/23/22,3795.73
06/22/22,3759.89
06/21/22,3764.79
06/17/22,3674.84
06/16/22,3666.77
06/15/22,3789.99
06/14/22,3735.48
06/13/22,3749.63
06/10/22,3900.86
06/09/22,4017.82
06/08/22,4115.77
06/07/22,4160.68
06/06/22,4121.43
06/03/22,4108.54
06/02/22,4176.82
06/01/22,4101.23
05/31/22,4132.15
05/27/22,4158.24
05/26/22,4057.84
05/25/22,3978.73
05/24/22,3941.48
05/23/22,3973.75
05/20/22,3901.36
05/19/22,3900.79
05/18/22,3923.68
05/17/22,4088.85
05/16/22,4008.01
05/13/22,4023.89
05/12/22,3930.08
05/11/22,3935.18
05/10/22,4001.05
05/09/22,3991.24
05/06/22,4123.34
05/05/22,4146.87
05/04/22,4300.17
05/03/22,4175.48
05/02/22,4155.38
04/29/22,4131.93
04/28/22,4287.5
04/27/22,4183.96
04/26/22,4175.2
04/25/22,4296.12
04/22/22,4271.78
04/21/22,4393.66
04/20/22,4459.45
04/19/22,4462.21
04/18/22,4391.69
04/14/22,4392.59
04/13/22,4446.59
04/12/22,4397.45
04/11/22,4412.53
04/08/22,4488.28
04/07/22,4500.21
04/06/22,4481.15
04/05/22,4525.12
04/04/22,4582.64
04/01/22,4545.86
03/31/22,4530.41
03/30/22,4602.45
03/29/22,4631.6
03/28/22,4575.52
03/25/22,4543.06
03/24/22,4520.16
03/23/22,4456.24
03/22/22,4511.61
03/21/22,4461.18
03/18/22,4463.12
03/17/22,4411.67
03/16/22,4357.86
03/15/22,4262.45
03/14/22,4173.11
03/11/22,4204.31
03/10/22,4259.52
03/09/22,4277.88
03/08/22,4170.7
03/07/22,4201.09
03/04/22,4328.87
03/03/22,4363.49
03/02/22,4386.54
03/01/22,4306.26
02/28/22,4373.94
02/25/22,4384.65
02/24/22,4288.7
02/23/22,4225.5
02/22/22,4304.76
02/18/22,4348.87
02/17/22,4380.26
02/16/22,4475.01
02/15/22,4471.07
02/14/22,4401.67
02/11/22,4418.64
02/10/22,4504.08
02/09/22,4587.18
02/08/22,4521.54
02/07/22,4483.87
02/04/22,4500.53
02/03/22,4477.44
02/02/22,4589.38
02/01/22,4546.54
01/31/22,4515.55
01/28/22,4431.85
01/27/22,4326.51
01/26/22,4349.93
01/25/22,4356.45
01/24/22,4410.13
01/21/22,4397.94
01/20/22,4482.73
01/19/22,4532.76
01/18/22,4577.11
01/14/22,4662.85
01/13/22,4659.03
01/12/22,4726.35
01/11/22,4713.07
01/10/22,4670.29
01/07/22,4677.03
01/06/22,4696.05
01/05/22,4700.58
01/04/22,4793.54
01/03/22,4796.56
12/31/21,4766.18
12/30/21,4778.73
12/29/21,4793.06
12/28/21,4786.35
12/27/21,4791.19
12/23/21,4725.79
12/22/21,4696.56
12/21/21,4649.23
12/20/21,4568.02
12/17/21,4620.64
12/16/21,4668.67
12/15/21,4709.85
12/14/21,4634.09
12/13/21,4668.97
12/10/21,4712.02
12/09/21,4667.45
12/08/21,4701.21
12/07/21,4686.75
12/06/21,4591.67
12/03/21,4538.43
12/02/21,4577.1
12/01/21,4513.04
11/30/21,4567
11/29/21,4655.27
11/26/21,4594.62
11/24/21,4701.46
11/23/21,4690.7
11/22/21,4682.94
11/19/21,4697.96
11/18/21,4704.54
11/17/21,4688.67
11/16/21,4700.9
11/15/21,4682.8
11/12/21,4682.85
11/11/21,4649.27
11/10/21,4646.71
11/09/21,4685.25
11/08/21,4701.7
11/05/21,4697.53
11/04/21,4680.06
11/03/21,4660.57
11/02/21,4630.65
11/01/21,4613.67
10/29/21,4605.38
10/28/21,4596.42
10/27/21,4551.68
10/26/21,4574.79
10/25/21,4566.48
10/22/21,4544.9
10/21/21,4549.78
10/20/21,4536.19
10/19/21,4519.63
10/18/21,4486.46
10/15/21,4471.37
10/14/21,4438.26
10/13/21,4363.8
10/12/21,4350.65
10/11/21,4361.19
10/08/21,4391.34
10/07/21,4399.76
10/06/21,4363.55
10/05/21,4345.72
10/04/21,4300.46
10/01/21,4357.04
09/30/21,4307.54
09/29/21,4359.46
09/28/21,4352.63
09/27/21,4443.11
09/24/21,4455.48
09/23/21,4448.98
09/22/21,4395.64
09/21/21,4354.19
09/20/21,4357.73
09/17/21,4432.99
09/16/21,4473.75
09/15/21,4480.7
09/14/21,4443.05
09/13/21,4468.73
09/10/21,4458.58
09/09/21,4493.28
09/08/21,4514.07
09/07/21,4520.03
09/03/21,4535.43
09/02/21,4536.95
09/01/21,4524.09
08/31/21,4522.68
08/30/21,4528.79
08/27/21,4509.37
08/26/21,4470
08/25/21,4496.19
08/24/21,4486.23
08/23/21,4479.53
08/20/21,4441.67
08/19/21,4405.8
08/18/21,4400.27
08/17/21,4448.08
08/16/21,4479.71
08/13/21,4468
08/12/21,4460.83
08/11/21,4447.7
08/10/21,4436.75
08/09/21,4432.35
08/06/21,4436.52
08/05/21,4429.1
08/04/21,4402.66
08/03/21,4423.15
08/02/21,4387.16
07/30/21,4395.26
07/29/21,4419.15
07/28/21,4400.64
07/27/21,4401.46
07/26/21,4422.3
07/23/21,4411.79
07/22/21,4367.48
07/21/21,4358.69
07/20/21,4323.06
07/19/21,4258.49
07/16/21,4327.16
07/15/21,4360.03
07/14/21,4374.3
07/13/21,4369.21
07/12/21,4384.63
07/09/21,4369.55
07/08/21,4320.82
07/07/21,4358.13
07/06/21,4343.54
07/02/21,4352.34
07/01/21,4319.94
06/30/21,4297.5
06/29/21,4291.8
06/28/21,4290.61
06/25/21,4280.7
06/24/21,4266.49
06/23/21,4241.84
06/22/21,4246.44
06/21/21,4224.79
06/18/21,4166.45
06/17/21,4221.86
06/16/21,4223.7
06/15/21,4246.59
06/14/21,4255.15
06/11/21,4247.44
06/10/21,4239.18
06/09/21,4219.55
06/08/21,4227.26
06/07/21,4226.52
06/04/21,4229.89
06/03/21,4192.85
06/02/21,4208.12
06/01/21,4202.04
05/28/21,4204.11
05/27/21,4200.88
05/26/21,4195.99
05/25/21,4188.13
05/24/21,4197.05
05/21/21,4155.86
05/20/21,4159.12
05/19/21,4115.68
05/18/21,4127.83
05/17/21,4163.29
05/14/21,4173.85
05/13/21,4112.5
05/12/21,4063.04
05/11/21,4152.1
05/10/21,4188.43
05/07/21,4232.6
05/06/21,4201.62
05/05/21,4167.59
05/04/21,4164.66
05/03/21,4192.66
04/30/21,4181.17
04/29/21,4211.47
04/28/21,4183.18
04/27/21,4186.72
04/26/21,4187.62
04/23/21,4180.17
04/22/21,4134.98
04/21/21,4173.42
04/20/21,4134.94
04/19/21,4163.26
04/16/21,4185.47
04/15/21,4170.42
04/14/21,4124.66
04/13/21,4141.59
04/12/21,4127.99
04/09/21,4128.8
04/08/21,4097.17
04/07/21,4079.95
04/06/21,4073.94
04/05/21,4077.91
04/01/21,4019.87
03/31/21,3972.89
03/30/21,3958.55
03/29/21,3971.09
03/26/21,3974.54
03/25/21,3909.52
03/24/21,3889.14
03/23/21,3910.52
03/22/21,3940.59
03/19/21,3913.1
03/18/21,3915.46
03/17/21,3974.12
03/16/21,3962.71
03/15/21,3968.94
03/12/21,3943.34
03/11/21,3939.34
03/10/21,3898.81
03/09/21,3875.44
03/08/21,3821.35
03/05/21,3841.94
03/04/21,3768.47
03/03/21,3819.72
03/02/21,3870.29
03/01/21,3901.82
02/26/21,3811.15
02/25/21,3829.34
02/24/21,3925.43
02/23/21,3881.37
02/22/21,3876.5
02/19/21,3906.71
02/18/21,3913.97
02/17/21,3931.33
02/16/21,3932.59
02/12/21,3934.83
02/11/21,3916.38
02/10/21,3909.88
02/09/21,3911.23
02/08/21,3915.59
02/05/21,3886.83
02/04/21,3871.74
02/03/21,3830.17
02/02/21,3826.31
02/01/21,3773.86
01/29/21,3714.24
01/28/21,3787.38
01/27/21,3750.77
01/26/21,3849.62
01/25/21,3855.36
01/22/21,3841.47
01/21/21,3853.07
01/20/21,3851.85
01/19/21,3798.91
01/15/21,3768.25
01/14/21,3795.54
01/13/21,3809.84
01/12/21,3801.19
01/11/21,3799.61
01/08/21,3824.68
01/07/21,3803.79
01/06/21,3748.14
01/05/21,3726.86
01/04/21,3700.65
12/31/20,3756.07
12/30/20,3732.04
12/29/20,3727.04
12/28/20,3735.36
12/24/20,3703.06
12/23/20,3690.01
12/22/20,3687.26
12/21/20,3694.92
12/18/20,3709.41
12/17/20,3722.48
12/16/20,3701.17
12/15/20,3694.62
12/14/20,3647.49
12/11/20,3663.46
12/10/20,3668.1
12/09/20,3672.82
12/08/20,3702.25
12/07/20,3691.96
12/04/20,3699.12
12/03/20,3666.72
12/02/20,3669.01
12/01/20,3662.45
11/30/20,3621.63
11/27/20,3638.35
11/25/20,3629.65
11/24/20,3635.41
11/23/20,3577.59
11/20/20,3557.54
11/19/20,3581.87
11/18/20,3567.79
11/17/20,3609.53
11/16/20,3626.91
11/13/20,3585.15
11/12/20,3537.01
11/11/20,3572.66
11/10/20,3545.53
11/09/20,3550.5
11/06/20,3509.44
11/05/20,3510.45
11/04/20,3443.44
11/03/20,3369.16
11/02/20,3310.24
10/30/20,3269.96
10/29/20,3310.11
10/28/20,3271.03
10/27/20,3390.68
10/26/20,3400.97
10/23/20,3465.39
10/22/20,3453.49
10/21/20,3435.56
10/20/20,3443.12
10/19/20,3426.92
10/16/20,3483.81
10/15/20,3483.34
10/14/20,3488.67
10/13/20,3511.93
10/12/20,3534.22
10/09/20,3477.13
10/08/20,3446.83
10/07/20,3419.45
10/06/20,3360.95
10/05/20,3408.63
10/02/20,3348.44
10/01/20,3380.8
09/30/20,3363
09/29/20,3335.47
09/28/20,3351.6
09/25/20,3298.46
09/24/20,3246.59
09/23/20,3236.92
09/22/20,3315.57
09/21/20,3281.06
09/18/20,3319.47
09/17/20,3357.01
09/16/20,3385.49
09/15/20,3401.2
09/14/20,3383.54
09/11/20,3340.97
09/10/20,3339.19
09/09/20,3398.96
09/08/20,3331.84
09/04/20,3426.96
09/03/20,3455.06
09/02/20,3580.84
09/01/20,3526.65
08/31/20,3500.31
08/28/20,3508.01
08/27/20,3484.55
08/26/20,3478.73
08/25/20,3443.62
08/24/20,3431.28
08/21/20,3397.16
08/20/20,3385.51
08/19/20,3374.85
08/18/20,3389.78
08/17/20,3381.99
08/14/20,3372.85
08/13/20,3373.43
08/12/20,3380.35
08/11/20,3333.69
08/10/20,3360.47
08/07/20,3351.28
08/06/20,3349.16
08/05/20,3327.77
08/04/20,3306.51
08/03/20,3294.61
07/31/20,3271.12
07/30/20,3246.22
07/29/20,3258.44
07/28/20,3218.44
07/27/20,3239.41
07/24/20,3215.63
07/23/20,3235.66
07/22/20,3276.02
07/21/20,3257.3
07/20/20,3251.84
07/17/20,3224.73
07/16/20,3215.57
07/15/20,3226.56
07/14/20,3197.52
07/13/20,3155.22
07/10/20,3185.04
07/09/20,3152.05
07/08/20,3169.94
07/07/20,3145.32
07/06/20,3179.72
07/02/20,3130.01
07/01/20,3115.86
06/30/20,3100.29
06/29/20,3053.24
06/26/20,3009.05
06/25/20,3083.76
06/24/20,3050.33
06/23/20,3131.29
06/22/20,3117.86
06/19/20,3097.74
06/18/20,3115.34
06/17/20,3113.49
06/16/20,3124.74
06/15/20,3066.59
06/12/20,3041.31
06/11/20,3002.1
06/10/20,3190.14
06/09/20,3207.18
06/08/20,3232.39
06/05/20,3193.93
06/04/20,3112.35
06/03/20,3122.87
06/02/20,3080.82
06/01/20,3055.73
05/29/20,3044.31
05/28/20,3029.73
05/27/20,3036.13
05/26/20,2991.77
05/22/20,2955.45
05/21/20,2948.51
05/20/20,2971.61
05/19/20,2922.94
05/18/20,2953.91
05/15/20,2863.7
05/14/20,2852.5
05/13/20,2820
05/12/20,2870.12
05/11/20,2930.32
05/08/20,2929.8
05/07/20,2881.19
05/06/20,2848.42
05/05/20,2868.44
05/04/20,2842.74
05/01/20,2830.71
04/30/20,2912.43
04/29/20,2939.51
04/28/20,2863.39
04/27/20,2878.48
04/24/20,2836.74
04/23/20,2797.8
04/22/20,2799.31
04/21/20,2736.56
04/20/20,2823.16
04/17/20,2874.56
04/16/20,2799.55
04/15/20,2783.36
04/14/20,2846.06
04/13/20,2761.63
04/09/20,2789.82
04/08/20,2749.98
04/07/20,2659.41
04/06/20,2663.68
04/03/20,2488.65
04/02/20,2526.9
04/01/20,2470.5
03/31/20,2584.59
03/30/20,2626.65
03/27/20,2541.47
03/26/20,2630.07
03/25/20,2475.56
03/24/20,2447.33
03/23/20,2237.4
03/20/20,2304.92
03/19/20,2409.39
03/18/20,2398.1
03/17/20,2529.19
03/16/20,2386.13
03/13/20,2711.02
03/12/20,2480.64
03/11/20,2741.38
03/10/20,2882.23
03/09/20,2746.56
03/06/20,2972.37
03/05/20,3023.94
03/04/20,3130.12
03/03/20,3003.37
03/02/20,3090.23
02/28/20,2954.22
02/27/20,2978.76
02/26/20,3116.39
02/25/20,3128.21
02/24/20,3225.89
02/21/20,3337.75
02/20/20,3373.23
02/19/20,3386.15
02/18/20,3370.29
02/14/20,3380.16
02/13/20,3373.94
02/12/20,3379.45
02/11/20,3357.75
02/10/20,3352.09
02/07/20,3327.71
02/06/20,3345.78
02/05/20,3334.69
02/04/20,3297.59
02/03/20,3248.92
01/31/20,3225.52
01/30/20,3283.66
01/29/20,3273.4
01/28/20,3276.24
01/27/20,3243.63
01/24/20,3295.47
01/23/20,3325.54
01/22/20,3321.75
01/21/20,3320.79
01/17/20,3329.62
01/16/20,3316.81
01/15/20,3289.29
01/14/20,3283.15
01/13/20,3288.13
01/10/20,3265.35
01/09/20,3274.7
01/08/20,3253.05
01/07/20,3237.18
01/06/20,3246.28
01/03/20,3234.85
01/02/20,3257.85
12/31/19,3230.78
12/30/19,3221.29
12/27/19,3240.02
12/26/19,3239.91
12/24/19,3223.38
12/23/19,3224.01
12/20/19,3221.22
12/19/19,3205.37
12/18/19,3191.14
12/17/19,3192.52
12/16/19,3191.45
12/13/19,3168.8
12/12/19,3168.57
12/11/19,3141.63
12/10/19,3132.52
12/09/19,3135.96
12/06/19,3145.91
12/05/19,3117.43
12/04/19,3112.76
12/03/19,3093.2
12/02/19,3113.87
11/29/19,3140.98
11/27/19,3153.63
11/26/19,3140.52
11/25/19,3133.64
11/22/19,3110.29
11/21/19,3103.54
11/20/19,3108.46
11/19/19,3120.18
11/18/19,3122.03
11/15/19,3120.46
11/14/19,3096.63
11/13/19,3094.04
11/12/19,3091.84
11/11/19,3087.01
11/08/19,3093.08
11/07/19,3085.18
11/06/19,3076.78
11/05/19,3074.62
11/04/19,3078.27
11/01/19,3066.91
10/31/19,3037.56
10/30/19,3046.77
10/29/19,3036.89
10/28/19,3039.42
10/25/19,3022.55
10/24/19,3010.29
10/23/19,3004.52
10/22/19,2995.99
10/21/19,3006.72
10/18/19,2986.2
10/17/19,2997.95
10/16/19,2989.69
10/15/19,2995.68
10/14/19,2966.15
10/11/19,2970.27
10/10/19,2938.13
10/09/19,2919.4
10/08/19,2893.06
10/07/19,2938.79
10/04/19,2952.01
10/03/19,2910.63
10/02/19,2887.61
10/01/19,2940.25
09/30/19,2976.74
09/27/19,2961.79
09/26/19,2977.62
09/25/19,2984.87
09/24/19,2966.6
09/23/19,2991.78
09/20/19,2992.07
09/19/19,3006.79
09/18/19,3006.73
09/17/19,3005.7
09/16/19,2997.96
09/13/19,3007.39
09/12/19,3009.57
09/11/19,3000.93
09/10/19,2979.39
09/09/19,2978.43
09/06/19,2978.71
09/05/19,2976
09/04/19,2937.78
09/03/19,2906.27
08/30/19,2926.46
08/29/19,2924.58
08/28/19,2887.94
08/27/19,2869.16
08/26/19,2878.38
08/23/19,2847.11
08/22/19,2922.95
08/21/19,2924.43
08/20/19,2900.51
08/19/19,2923.65
08/16/19,2888.68
08/15/19,2847.6
08/14/19,2840.6
08/13/19,2926.32
08/12/19,2883.75
08/09/19,2918.65
08/08/19,2938.09
08/07/19,2883.98
08/06/19,2881.77
08/05/19,2844.74
08/02/19,2932.05
08/01/19,2953.56
07/31/19,2980.38
07/30/19,3013.18
07/29/19,3020.97
07/26/19,3025.86
07/25/19,3003.67
07/24/19,3019.56
07/23/19,3005.47
07/22/19,2985.03
07/19/19,2976.61
07/18/19,2995.11
07/17/19,2984.42
07/16/19,3004.04
07/15/19,3014.3
07/12/19,3013.77
07/11/19,2999.91
07/10/19,2993.07
07/09/19,2979.63
07/08/19,2975.95
07/05/19,2990.41
07/03/19,2995.82
07/02/19,2973.01
07/01/19,2964.33
06/28/19,2941.76
06/27/19,2924.92
06/26/19,2913.78
06/25/19,2917.38
06/24/19,2945.35
06/21/19,2950.46
06/20/19,2954.18
06/19/19,2926.46
06/18/19,2917.75
06/17/19,2889.67
06/14/19,2886.98
06/13/19,2891.64
06/12/19,2879.84
06/11/19,2885.72
06/10/19,2886.73
06/07/19,2873.34
06/06/19,2843.49
06/05/19,2826.15
06/04/19,2803.27
06/03/19,2744.45
05/31/19,2752.06
05/30/19,2788.86
05/29/19,2783.02
05/28/19,2802.39
05/24/19,2826.06
05/23/19,2822.24
05/22/19,2856.27
05/21/19,2864.36
05/20/19,2840.23
05/17/19,2859.53
05/16/19,2876.32
05/15/19,2850.96
05/14/19,2834.41
05/13/19,2811.87
05/10/19,2881.4
05/09/19,2870.72
05/08/19,2879.42
05/07/19,2884.05
05/06/19,2932.47
05/03/19,2945.64
05/02/19,2917.52
05/01/19,2923.73
04/30/19,2945.83
04/29/19,2943.03
04/26/19,2939.88
04/25/19,2926.17
04/24/19,2927.25
04/23/19,2933.68
04/22/19,2907.97
04/18/19,2905.03
04/17/19,2900.45
04/16/19,2907.06
04/15/19,2905.58
04/12/19,2907.41
04/11/19,2888.32
04/10/19,2888.21
04/09/19,2878.2
04/08/19,2895.77
04/05/19,2892.74
04/04/19,2879.39
04/03/19,2873.4
04/02/19,2867.24
04/01/19,2867.19
03/29/19,2834.4
03/28/19,2815.44
03/27/19,2805.37
03/26/19,2818.46
03/25/19,2798.36
03/22/19,2800.71
03/21/19,2854.88
03/20/19,2824.23
03/19/19,2832.57
03/18/19,2832.94
03/15/19,2822.48
03/14/19,2808.48
03/13/19,2810.92
03/12/19,2791.52
03/11/19,2783.3
03/08/19,2743.07
03/07/19,2748.93
03/06/19,2771.45
03/05/19,2789.65
03/04/19,2792.81
03/01/19,2803.69
02/28/19,2784.49
02/27/19,2792.38
02/26/19,2793.9
02/25/19,2796.11
02/22/19,2792.67
02/21/19,2774.88
02/20/19,2784.7
02/19/19,2779.76
02/15/19,2775.6
02/14/19,2745.73
02/13/19,2753.03
02/12/19,2744.73
02/11/19,2709.8
02/08/19,2707.88
02/07/19,2706.05
02/06/19,2731.61
02/05/19,2737.7
02/04/19,2724.87
02/01/19,2706.53
01/31/19,2704.1
01/30/19,2681.05
01/29/19,2640
01/28/19,2643.85
01/25/19,2664.76
01/24/19,2642.33
01/23/19,2638.7
01/22/19,2632.9
01/18/19,2670.71
01/17/19,2635.96
01/16/19,2616.1
01/15/19,2610.3
01/14/19,2582.61
01/11/19,2596.26
01/10/19,2596.64
01/09/19,2584.96
01/08/19,2574.41
01/07/19,2549.69
01/04/19,2531.94
01/03/19,2447.89
01/02/19,2510.03
12/31/18,2506.85
12/28/18,2485.74
12/27/18,2488.83
12/26/18,2467.7
12/24/18,2351.1
12/21/18,2416.62
12/20/18,2467.42
12/19/18,2506.96
12/18/18,2546.16
12/17/18,2545.94
12/14/18,2599.95
12/13/18,2650.54
12/12/18,2651.07
12/11/18,2636.78
12/10/18,2637.72
12/07/18,2633.08
12/06/18,2695.95
12/04/18,2700.06
12/03/18,2790.37
11/30/18,2760.17
11/29/18,2737.76
11/28/18,2743.79
11/27/18,2682.17
11/26/18,2673.45
11/23/18,2632.56
11/21/18,2649.93
11/20/18,2641.89
11/19/18,2690.73
11/16/18,2736.27
11/15/18,2730.2
11/14/18,2701.58
11/13/18,2722.18
11/12/18,2726.22
11/09/18,2781.01
11/08/18,2806.83
11/07/18,2813.89
11/06/18,2755.45
11/05/18,2738.31
11/02/18,2723.06
11/01/18,2740.37
10/31/18,2711.74
10/30/18,2682.63
10/29/18,2641.25
10/26/18,2658.69
10/25/18,2705.57
10/24/18,2656.1
10/23/18,2740.69
10/22/18,2755.88
10/19/18,2767.78
10/18/18,2768.78
10/17/18,2809.21
10/16/18,2809.92
10/15/18,2750.79
10/12/18,2767.13
10/11/18,2728.37
10/10/18,2785.68
10/09/18,2880.34
10/08/18,2884.43
10/05/18,2885.57
10/04/18,2901.61
10/03/18,2925.51
10/02/18,2923.43
10/01/18,2924.59
09/28/18,2913.98
09/27/18,2914
09/26/18,2905.97
09/25/18,2915.56
09/24/18,2919.37
09/21/18,2929.67
09/20/18,2930.75
09/19/18,2907.95
09/18/18,2904.31
09/17/18,2888.8
09/14/18,2904.98
09/13/18,2904.18
09/12/18,2888.92
09/11/18,2887.89
09/10/18,2877.13
09/07/18,2871.68
09/06/18,2878.05
09/05/18,2888.6
09/04/18,2896.72
08/31/18,2901.52
08/30/18,2901.13
08/29/18,2914.04
08/28/18,2897.52
08/27/18,2896.74
08/24/18,2874.69
08/23/18,2856.98
08/22/18,2861.82
08/21/18,2862.96
08/20/18,2857.05
08/17/18,2850.13
08/16/18,2840.69
08/15/18,2818.37
08/14/18,2839.96
08/13/18,2821.93
08/10/18,2833.28
08/09/18,2853.58
08/08/18,2857.7
08/07/18,2858.45
08/06/18,2850.4
08/03/18,2840.35
08/02/18,2827.22
08/01/18,2813.36
07/31/18,2816.29
07/30/18,2802.6
07/27/18,2818.82
07/26/18,2837.44
07/25/18,2846.07
07/24/18,2820.4
07/23/18,2806.98
07/20/18,2801.83
07/19/18,2804.49
07/18/18,2815.62
07/17/18,2809.55
07/16/18,2798.43
07/13/18,2801.31
07/12/18,2798.29
07/11/18,2774.02
07/10/18,2793.84
07/09/18,2784.17
07/06/18,2759.82
07/05/18,2736.61
07/03/18,2713.22
07/02/18,2726.71
06/29/18,2718.37
06/28/18,2716.31
06/27/18,2699.63
06/26/18,2723.06
06/25/18,2717.07
06/22/18,2754.88
06/21/18,2749.76
06/20/18,2767.32
06/19/18,2762.59
06/18/18,2773.75
06/15/18,2779.66
06/14/18,2782.49
06/13/18,2775.63
06/12/18,2786.85
06/11/18,2782
06/08/18,2779.03
06/07/18,2770.37
06/06/18,2772.35
06/05/18,2748.8
06/04/18,2746.87
06/01/18,2734.62
05/31/18,2705.27
05/30/18,2724.01
05/29/18,2689.86
05/25/18,2721.33
05/24/18,2727.76
05/23/18,2733.29
05/22/18,2724.44
05/21/18,2733.01
05/18/18,2712.97
05/17/18,2720.13
05/16/18,2722.46
05/15/18,2711.45
05/14/18,2730.13
05/11/18,2727.72
05/10/18,2723.07
05/09/18,2697.79
05/08/18,2671.92
05/07/18,2672.63
05/04/18,2663.42
05/03/18,2629.73
05/02/18,2635.67
05/01/18,2654.8
04/30/18,2648.05
04/27/18,2669.91
04/26/18,2666.94
04/25/18,2639.4
04/24/18,2634.56
04/23/18,2670.29
04/20/18,2670.14
04/19/18,2693.13
04/18/18,2708.64
04/17/18,2706.39
04/16/18,2677.84
04/13/18,2656.3
04/12/18,2663.99
04/11/18,2642.19
04/10/18,2656.87
04/09/18,2613.16
04/06/18,2604.47
04/05/18,2662.84
04/04/18,2644.69
04/03/18,2614.45
04/02/18,2581.88
03/29/18,2640.87
03/28/18,2605
03/27/18,2612.62
03/26/18,2658.55
03/23/18,2588.26
03/22/18,2643.69
03/21/18,2711.93
03/20/18,2716.94
03/19/18,2712.92
03/16/18,2752.01
03/15/18,2747.33
03/14/18,2749.48
03/13/18,2765.31
03/12/18,2783.02
03/09/18,2786.57
03/08/18,2738.97
03/07/18,2726.8
03/06/18,2728.12
03/05/18,2720.94
03/02/18,2691.25
03/01/18,2677.67
02/28/18,2713.83
02/27/18,2744.28
02/26/18,2779.6
02/23/18,2747.3
02/22/18,2703.96
02/21/18,2701.33
02/20/18,2716.26
02/16/18,2732.22
02/15/18,2731.2
02/14/18,2698.63
02/13/18,2662.94
02/12/18,2656
02/09/18,2619.55
02/08/18,2581
02/07/18,2681.66
02/06/18,2695.14
02/05/18,2648.94
02/02/18,2762.13
02/01/18,2821.98
01/31/18,2823.81
01/30/18,2822.43
01/29/18,2853.53
01/26/18,2872.87
01/25/18,2839.25
01/24/18,2837.54
01/23/18,2839.13
01/22/18,2832.97
01/19/18,2810.3
01/18/18,2798.03
01/17/18,2802.56
01/16/18,2776.42
01/12/18,2786.24
01/11/18,2767.56
01/10/18,2748.23
01/09/18,2751.29
01/08/18,2747.71
01/05/18,2743.15
01/04/18,2723.99
01/03/18,2713.06
01/02/18,2695.81
12/29/17,2673.61
12/28/17,2687.54
12/27/17,2682.62
12/26/17,2680.5
12/22/17,2683.34
12/21/17,2684.57
12/20/17,2679.25
12/19/17,2681.47
12/18/17,2690.16
12/15/17,2675.81
12/14/17,2652.01
12/13/17,2662.85
12/12/17,2664.11
12/11/17,2659.99
12/08/17,2651.5
12/07/17,2636.98
12/06/17,2629.27
12/05/17,2629.57
12/04/17,2639.44
12/01/17,2642.22
11/30/17,2647.58
11/29/17,2626.07
11/28/17,2627.04
11/27/17,2601.42
11/24/17,2602.42
11/22/17,2597.08
11/21/17,2599.03
11/20/17,2582.14
11/17/17,2578.85
11/16/17,2585.64
11/15/17,2564.62
11/14/17,2578.87
11/13/17,2584.84
11/10/17,2582.3
11/09/17,2584.62
11/08/17,2594.38
11/07/17,2590.64
11/06/17,2591.13
11/03/17,2587.84
11/02/17,2579.85
11/01/17,2579.36
10/31/17,2575.26
10/30/17,2572.83
10/27/17,2581.07
10/26/17,2560.4
10/25/17,2557.15
10/24/17,2569.13
10/23/17,2564.98
10/20/17,2575.21
10/19/17,2562.1
10/18/17,2561.26
10/17/17,2559.36
10/16/17,2557.64
10/13/17,2553.17
10/12/17,2550.93
10/11/17,2555.24
10/10/17,2550.64
10/09/17,2544.73
10/06/17,2549.33
10/05/17,2552.07
10/04/17,2537.74
10/03/17,2534.58
10/02/17,2529.12
09/29/17,2519.36
09/28/17,2510.06
09/27/17,2507.04
09/26/17,2496.84
09/25/17,2496.66
09/22/17,2502.22
09/21/17,2500.6
09/20/17,2508.24
09/19/17,2506.65
09/18/17,2503.87
09/15/17,2500.23
09/14/17,2495.62
09/13/17,2498.37
09/12/17,2496.48
09/11/17,2488.11
09/08/17,2461.43
09/07/17,2465.1
09/06/17,2465.54
09/05/17,2457.85
09/01/17,2476.55
08/31/17,2471.65
08/30/17,2457.59
08/29/17,2446.3
08/28/17,2444.24
08/25/17,2443.05
08/24/17,2438.97
08/23/17,2444.04
08/22/17,2452.51
08/21/17,2428.37
08/18/17,2425.55
08/17/17,2430.01
08/16/17,2468.11
08/15/17,2464.61
08/14/17,2465.84
08/11/17,2441.32
08/10/17,2438.21
08/09/17,2474.02
08/08/17,2474.92
08/07/17,2480.91
08/04/17,2476.83
08/03/17,2472.16
08/02/17,2477.57
08/01/17,2476.35
07/31/17,2470.3
07/28/17,2472.1
07/27/17,2475.42
07/26/17,2477.83
07/25/17,2477.13
07/24/17,2469.91
07/21/17,2472.54
07/20/17,2473.45
07/19/17,2473.83
07/18/17,2460.61
07/17/17,2459.14
07/14/17,2459.27
07/13/17,2447.83
07/12/17,2443.25
07/11/17,2425.53
07/10/17,2427.43
07/07/17,2425.18
07/06/17,2409.75
07/05/17,2432.54
07/03/17,2429.01
06/30/17,2423.41
06/29/17,2419.7
06/28/17,2440.69
06/27/17,2419.38
06/26/17,2439.07
06/23/17,2438.3
06/22/17,2434.5
06/21/17,2435.61
06/20/17,2437.03
06/19/17,2453.46
06/16/17,2433.15
06/15/17,2432.46
06/14/17,2437.92
06/13/17,2440.35
06/12/17,2429.39
06/09/17,2431.77
06/08/17,2433.79
06/07/17,2433.14
06/06/17,2429.33
06/05/17,2436.1
06/02/17,2439.07
06/01/17,2430.06
05/31/17,2411.8
05/30/17,2412.91
05/26/17,2415.82
05/25/17,2415.07
05/24/17,2404.39
05/23/17,2398.42
05/22/17,2394.02
05/19/17,2381.73
05/18/17,2365.72
05/17/17,2357.03
05/16/17,2400.67
05/15/17,2402.32
05/12/17,2390.9
05/11/17,2394.44
05/10/17,2399.63
05/09/17,2396.92
05/08/17,2399.38
05/05/17,2399.29
05/04/17,2389.52
05/03/17,2388.13
05/02/17,2391.17
05/01/17,2388.33
04/28/17,2384.2
04/27/17,2388.77
04/26/17,2387.45
04/25/17,2388.61
04/24/17,2374.15
04/21/17,2348.69
04/20/17,2355.84
04/19/17,2338.17
04/18/17,2342.19
04/17/17,2349.01
04/13/17,2328.95
04/12/17,2344.93
04/11/17,2353.78
04/10/17,2357.16
04/07/17,2355.54
04/06/17,2357.49
04/05/17,2352.95
04/04/17,2360.16
04/03/17,2358.84
03/31/17,2362.72
03/30/17,2368.06
03/29/17,2361.13
03/28/17,2358.57
03/27/17,2341.59
03/24/17,2343.98
03/23/17,2345.96
03/22/17,2348.45
03/21/17,2344.02
03/20/17,2373.47
03/17/17,2378.25
03/16/17,2381.38
03/15/17,2385.26
03/14/17,2365.45
03/13/17,2373.47
03/10/17,2372.6
03/09/17,2364.87
03/08/17,2362.98
03/07/17,2368.39
03/06/17,2375.31
03/03/17,2383.12
03/02/17,2381.92
03/01/17,2395.96
02/28/17,2363.64
02/27/17,2369.75
02/24/17,2367.34
02/23/17,2363.81
02/22/17,2362.82
02/21/17,2365.38
02/17/17,2351.16
02/16/17,2347.22
02/15/17,2349.25
02/14/17,2337.58
02/13/17,2328.25
02/10/17,2316.1
02/09/17,2307.87
02/08/17,2294.67
02/07/17,2293.08
02/06/17,2292.56
02/03/17,2297.42
02/02/17,2280.85
02/01/17,2279.55
01/31/17,2278.87
01/30/17,2280.9
01/27/17,2294.69
01/26/17,2296.68
01/25/17,2298.37
01/24/17,2280.07
01/23/17,2265.2
01/20/17,2271.31
01/19/17,2263.69
01/18/17,2271.89
01/17/17,2267.89
01/13/17,2274.64
01/12/17,2270.44
01/11/17,2275.32
01/10/17,2268.9
01/09/17,2268.9
01/06/17,2276.98
01/05/17,2269
01/04/17,2270.75
01/03/17,2257.83
12/30/16,2238.83
12/29/16,2249.26
12/28/16,2249.92
12/27/16,2268.88
12/23/16,2263.79
12/22/16,2260.96
12/21/16,2265.18
12/20/16,2270.76
12/19/16,2262.53
12/16/16,2258.07
12/15/16,2262.03
12/14/16,2253.28
12/13/16,2271.72
12/12/16,2256.96
12/09/16,2259.53
12/08/16,2246.19
12/07/16,2241.35
12/06/16,2212.23
12/05/16,2204.71
12/02/16,2191.95
12/01/16,2191.08
11/30/16,2198.81
11/29/16,2204.66
11/28/16,2201.72
11/25/16,2213.35
11/23/16,2204.72
11/22/16,2202.94
11/21/16,2198.18
11/18/16,2181.9
11/17/16,2187.12
11/16/16,2176.94
11/15/16,2180.39
11/14/16,2164.2
11/11/16,2164.45
11/10/16,2167.48
11/09/16,2163.26
11/08/16,2139.56
11/07/16,2131.52
11/04/16,2085.18
11/03/16,2088.66
11/02/16,2097.94
11/01/16,2111.72
10/31/16,2126.15
10/28/16,2126.41
10/27/16,2133.04
10/26/16,2139.43
10/25/16,2143.16
10/24/16,2151.33
10/21/16,2141.16
10/20/16,2141.34
10/19/16,2144.29
10/18/16,2139.6
10/17/16,2126.5
10/14/16,2132.98
10/13/16,2132.55
10/12/16,2139.18
10/11/16,2136.73
10/10/16,2163.66
10/07/16,2153.74
10/06/16,2160.77
10/05/16,2159.73
10/04/16,2150.49
10/03/16,2161.2
09/30/16,2168.27
09/29/16,2151.13
09/28/16,2171.37
09/27/16,2159.93
09/26/16,2146.1
09/23/16,2164.69
09/22/16,2177.18
09/21/16,2163.12
09/20/16,2139.76
09/19/16,2139.12
09/16/16,2139.16
09/15/16,2147.26
09/14/16,2125.77
09/13/16,2127.02
09/12/16,2159.04
09/09/16,2127.81
09/08/16,2181.3
09/07/16,2186.16
09/06/16,2186.48
09/02/16,2179.98
09/01/16,2170.86
08/31/16,2170.95
08/30/16,2176.12
08/29/16,2180.38
08/26/16,2169.04
08/25/16,2172.47
08/24/16,2175.44
08/23/16,2186.9
08/22/16,2182.64
08/19/16,2183.87
08/18/16,2187.02
08/17/16,2182.22
08/16/16,2178.15
08/15/16,2190.15
08/12/16,2184.05
08/11/16,2185.79
08/10/16,2175.49
08/09/16,2181.74
08/08/16,2180.89
08/05/16,2182.87
08/04/16,2164.25
08/03/16,2163.79
08/02/16,2157.03
08/01/16,2170.84
07/29/16,2173.6
07/28/16,2170.06
07/27/16,2166.58
07/26/16,2169.18
07/25/16,2168.48
07/22/16,2175.03
07/21/16,2165.17
07/20/16,2173.02
07/19/16,2163.78
07/18/16,2166.89
07/15/16,2161.74
07/14/16,2163.75
07/13/16,2152.43
07/12/16,2152.14
07/11/16,2137.16
07/08/16,2129.9
07/07/16,2097.9
07/06/16,2099.73
07/05/16,2088.55
07/01/16,2102.95
06/30/16,2098.86
06/29/16,2070.77
06/28/16,2036.09
06/27/16,2000.54
06/24/16,2037.41
06/23/16,2113.32
06/22/16,2085.45
06/21/16,2088.9
06/20/16,2083.25
06/17/16,2071.22
06/16/16,2077.99
06/15/16,2071.5
06/14/16,2075.32
06/13/16,2079.06
06/10/16,2096.07
06/09/16,2115.48
06/08/16,2119.12
06/07/16,2112.13
06/06/16,2109.41
06/03/16,2099.13
06/02/16,2105.26
06/01/16,2099.33
05/31/16,2096.96
05/27/16,2099.06
05/26/16,2090.1
05/25/16,2090.54
05/24/16,2076.06
05/23/16,2048.04
05/20/16,2052.32
05/19/16,2040.04
05/18/16,2047.63
05/17/16,2047.21
05/16/16,2066.66
05/13/16,2046.61
05/12/16,2064.11
05/11/16,2064.46
05/10/16,2084.39
05/09/16,2058.69
05/06/16,2057.14
05/05/16,2050.63
05/04/16,2051.12
05/03/16,2063.37
05/02/16,2081.43
04/29/16,2065.3
04/28/16,2075.81
04/27/16,2095.15
04/26/16,2091.7
04/25/16,2087.79
04/22/16,2091.58
04/21/16,2091.48
04/20/16,2102.4
04/19/16,2100.8
04/18/16,2094.34
04/15/16,2080.73
04/14/16,2082.78
04/13/16,2082.42
04/12/16,2061.72
04/11/16,2041.99
04/08/16,2047.6
04/07/16,2041.91
04/06/16,2066.66
04/05/16,2045.17
04/04/16,2066.13
04/01/16,2072.78
03/31/16,2059.74
03/30/16,2063.95
03/29/16,2055.01
03/28/16,2037.05
03/24/16,2035.94
03/23/16,2036.71
03/22/16,2049.8
03/21/16,2051.6
03/18/16,2049.58
03/17/16,2040.59
03/16/16,2027.22
03/15/16,2015.93
03/14/16,2019.64
03/11/16,2022.19
03/10/16,1989.57
03/09/16,1989.26
03/08/16,1979.26
03/07/16,2001.76
03/04/16,1999.99
03/03/16,1993.4
03/02/16,1986.45
03/01/16,1978.35
02/29/16,1932.23
02/26/16,1948.05
02/25/16,1951.7
02/24/16,1929.8
02/23/16,1921.27
02/22/16,1945.5
02/19/16,1917.78
02/18/16,1917.83
02/17/16,1926.82
02/16/16,1895.58
02/12/16,1864.78
02/11/16,1829.08
02/10/16,1851.86
02/09/16,1852.21
02/08/16,1853.44
02/05/16,1880.05
02/04/16,1915.45
02/03/16,1912.53
02/02/16,1903.03
02/01/16,1939.38
01/29/16,1940.24
01/28/16,1893.36
01/27/16,1882.95
01/26/16,1903.63
01/25/16,1877.08
01/22/16,1906.9
01/21/16,1868.99
01/20/16,1859.33
01/19/16,1881.33
01/15/16,1880.33
01/14/16,1921.84
01/13/16,1890.28
01/12/16,1938.68
01/11/16,1923.67
01/08/16,1922.03
01/07/16,1943.09
01/06/16,1990.26
01/05/16,2016.71
01/04/16,2012.66
12/31/15,2043.94
12/30/15,2063.36
12/29/15,2078.36
12/28/15,2056.5
12/24/15,2060.99
12/23/15,2064.29
12/22/15,2038.97
12/21/15,2021.15
12/18/15,2005.55
12/17/15,2041.89
12/16/15,2073.07
12/15/15,2043.41
12/14/15,2021.94
12/11/15,2012.37
12/10/15,2052.23
12/09/15,2047.62
12/08/15,2063.59
12/07/15,2077.07
12/04/15,2091.69
12/03/15,2049.62
12/02/15,2079.51
12/01/15,2102.63
11/30/15,2080.41
11/27/15,2090.11
11/25/15,2088.87
11/24/15,2089.14
11/23/15,2086.59
11/20/15,2089.17
11/19/15,2081.24
11/18/15,2083.58
11/17/15,2050.44
11/16/15,2053.19
11/13/15,2023.04
11/12/15,2045.97
11/11/15,2075
11/10/15,2081.72
11/09/15,2078.58
11/06/15,2099.2
11/05/15,2099.93
11/04/15,2102.31
11/03/15,2109.79
11/02/15,2104.05
10/30/15,2079.36
10/29/15,2089.41
10/28/15,2090.35
10/27/15,2065.89
10/26/15,2071.18
10/23/15,2075.15
10/22/15,2052.51
10/21/15,2018.94
10/20/15,2030.77
10/19/15,2033.66
10/16/15,2033.11
10/15/15,2023.86
10/14/15,1994.24
10/13/15,2003.69
10/12/15,2017.46
10/09/15,2014.89
10/08/15,2013.43
10/07/15,1995.83
10/06/15,1979.92
10/05/15,1987.05
10/02/15,1951.36
10/01/15,1923.82
09/30/15,1920.03
09/29/15,1884.09
09/28/15,1881.77
09/25/15,1931.34
09/24/15,1932.24
09/23/15,1938.76
09/22/15,1942.74
09/21/15,1966.97
09/18/15,1958.03
09/17/15,1990.2
09/16/15,1995.31
09/15/15,1978.09
09/14/15,1953.03
09/11/15,1961.05
09/10/15,1952.29
09/09/15,1942.04
09/08/15,1969.41
09/04/15,1921.22
09/03/15,1951.13
09/02/15,1948.86
09/01/15,1913.85
08/31/15,1972.18
08/28/15,1988.87
08/27/15,1987.66
08/26/15,1940.51
08/25/15,1867.61
08/24/15,1893.21
08/21/15,1970.89
08/20/15,2035.73
08/19/15,2079.61
08/18/15,2096.92
08/17/15,2102.44
08/14/15,2091.54
08/13/15,2083.39
08/12/15,2086.05
08/11/15,2084.07
08/10/15,2104.18
08/07/15,2077.57
08/06/15,2083.56
08/05/15,2099.84
08/04/15,2093.32
08/03/15,2098.04
07/31/15,2103.84
07/30/15,2108.63
07/29/15,2108.57
07/28/15,2093.25
07/27/15,2067.64
07/24/15,2079.65
07/23/15,2102.15
07/22/15,2114.15
07/21/15,2119.21
07/20/15,2128.28
07/17/15,2126.64
07/16/15,2124.29
07/15/15,2107.4
07/14/15,2108.95
07/13/15,2099.6
07/10/15,2076.62
07/09/15,2051.31
07/08/15,2046.68
07/07/15,2081.34
07/06/15,2068.76
07/02/15,2076.78
07/01/15,2077.42
06/30/15,2063.11
06/29/15,2057.64
06/26/15,2101.49
06/25/15,2102.31
06/24/15,2108.58
06/23/15,2124.2
06/22/15,2122.85
06/19/15,2109.99
06/18/15,2121.24
06/17/15,2100.44
06/16/15,2096.29
06/15/15,2084.43
06/12/15,2094.11
06/11/15,2108.86
06/10/15,2105.2
06/09/15,2080.15
06/08/15,2079.28
06/05/15,2092.83
06/04/15,2095.84
06/03/15,2114.07
06/02/15,2109.6
06/01/15,2111.73
05/29/15,2107.39
05/28/15,2120.79
05/27/15,2123.48
05/26/15,2104.2
05/22/15,2126.06
05/21/15,2130.82
05/20/15,2125.85
05/19/15,2127.83
05/18/15,2129.2
05/15/15,2122.73
05/14/15,2121.1
05/13/15,2098.48
05/12/15,2099.12
05/11/15,2105.33
05/08/15,2116.1
05/07/15,2088
05/06/15,2080.15
05/05/15,2089.46
05/04/15,2114.49
05/01/15,2108.29
04/30/15,2085.51
04/29/15,2106.85
04/28/15,2114.76
04/27/15,2108.92
04/24/15,2117.69
04/23/15,2112.93
04/22/15,2107.96
04/21/15,2097.29
04/20/15,2100.4
04/17/15,2081.18
04/16/15,2104.99
04/15/15,2106.63
04/14/15,2095.84
04/13/15,2092.43
04/10/15,2102.06
04/09/15,2091.18
04/08/15,2081.9
04/07/15,2076.33
04/06/15,2080.62
04/02/15,2066.96
04/01/15,2059.69
03/31/15,2067.89
03/30/15,2086.24
03/27/15,2061.02
03/26/15,2056.15
03/25/15,2061.05
03/24/15,2091.5
03/23/15,2104.42
03/20/15,2108.1
03/19/15,2089.27
03/18/15,2099.5
03/17/15,2074.28
03/16/15,2081.19
03/13/15,2053.4
03/12/15,2065.95
03/11/15,2040.24
03/10/15,2044.16
03/09/15,2079.43
03/06/15,2071.26
03/05/15,2101.04
03/04/15,2098.53
03/03/15,2107.78
03/02/15,2117.39
02/27/15,2104.5
02/26/15,2110.74
02/25/15,2113.86
02/24/15,2115.48
02/23/15,2109.66
02/20/15,2110.3
02/19/15,2097.45
02/18/15,2099.68
02/17/15,2100.34
02/13/15,2096.99
02/12/15,2088.48
02/11/15,2068.53
02/10/15,2068.59
02/09/15,2046.74
02/06/15,2055.47
02/05/15,2062.52
02/04/15,2041.51
02/03/15,2050.03
02/02/15,2020.85
01/30/15,1994.99
01/29/15,2021.25
01/28/15,2002.16
01/27/15,2029.55
01/26/15,2057.09
01/23/15,2051.82
01/22/15,2063.15
01/21/15,2032.12
01/20/15,2022.55
01/16/15,2019.42
01/15/15,1992.67
01/14/15,2011.27
01/13/15,2023.03
01/12/15,2028.26
01/09/15,2044.81
01/08/15,2062.14
01/07/15,2025.9
01/06/15,2002.61
01/05/15,2020.58
01/02/15,2058.2
12/31/14,2058.9
12/30/14,2080.35
12/29/14,2090.57
12/26/14,2088.77
12/24/14,2081.88
12/23/14,2082.17
12/22/14,2078.54
12/19/14,2070.65
12/18/14,2061.23
12/17/14,2012.89
12/16/14,1972.74
12/15/14,1989.63
12/12/14,2002.33
12/11/14,2035.33
12/10/14,2026.14
12/09/14,2059.82
12/08/14,2060.31
12/05/14,2075.37
12/04/14,2071.92
12/03/14,2074.33
12/02/14,2066.55
12/01/14,2053.44
11/28/14,2067.56
11/26/14,2072.83
11/25/14,2067.03
11/24/14,2069.41
11/21/14,2063.5
11/20/14,2052.75
11/19/14,2048.72
11/18/14,2051.8
11/17/14,2041.32
11/14/14,2039.82
11/13/14,2039.33
11/12/14,2038.25
11/11/14,2039.68
11/10/14,2038.26
11/07/14,2031.92
11/06/14,2031.21
11/05/14,2023.57
11/04/14,2012.1
11/03/14,2017.81
10/31/14,2018.05
10/30/14,1994.65
10/29/14,1982.3
10/28/14,1985.05
10/27/14,1961.63
10/24/14,1964.58
10/23/14,1950.82
10/22/14,1927.11
10/21/14,1941.28
10/20/14,1904.01
10/17/14,1886.76
10/16/14,1862.76
10/15/14,1862.49
10/14/14,1877.7
10/13/14,1874.74
10/10/14,1906.13
10/09/14,1928.21
